

INSERT INTO BGMAGIT.BGM_AGIT_MAIN_MENU (BGM_AGIT_SUB_MENU_ID, BGM_AGIT_AREA_ID, BGM_AGIT_MENU_NAME, BGM_AGIT_MENU_LINK) VALUES (null, null, '소개', null);
INSERT INTO BGMAGIT.BGM_AGIT_MAIN_MENU (BGM_AGIT_SUB_MENU_ID, BGM_AGIT_AREA_ID, BGM_AGIT_MENU_NAME, BGM_AGIT_MENU_LINK) VALUES (null, null, '예약하기', null);
INSERT INTO BGMAGIT.BGM_AGIT_MAIN_MENU (BGM_AGIT_SUB_MENU_ID, BGM_AGIT_AREA_ID, BGM_AGIT_MENU_NAME, BGM_AGIT_MENU_LINK) VALUES (null, null, '메뉴', null);
INSERT INTO BGMAGIT.BGM_AGIT_MAIN_MENU (BGM_AGIT_SUB_MENU_ID, BGM_AGIT_AREA_ID, BGM_AGIT_MENU_NAME, BGM_AGIT_MENU_LINK) VALUES (null, null, '커뮤니티', null);
INSERT INTO BGMAGIT.BGM_AGIT_MAIN_MENU (BGM_AGIT_SUB_MENU_ID, BGM_AGIT_AREA_ID, BGM_AGIT_MENU_NAME, BGM_AGIT_MENU_LINK) VALUES (1, null, 'BGM아지트 소개', '/about');
INSERT INTO BGMAGIT.BGM_AGIT_MAIN_MENU (BGM_AGIT_SUB_MENU_ID, BGM_AGIT_AREA_ID, BGM_AGIT_MENU_NAME, BGM_AGIT_MENU_LINK) VALUES (1, null, '보유게임', '/detail/game');
INSERT INTO BGMAGIT.BGM_AGIT_MAIN_MENU (BGM_AGIT_SUB_MENU_ID, BGM_AGIT_AREA_ID, BGM_AGIT_MENU_NAME, BGM_AGIT_MENU_LINK) VALUES (2, null, '룸', '/detail/room');
INSERT INTO BGMAGIT.BGM_AGIT_MAIN_MENU (BGM_AGIT_SUB_MENU_ID, BGM_AGIT_AREA_ID, BGM_AGIT_MENU_NAME, BGM_AGIT_MENU_LINK) VALUES (2, null, '대탁', '/detail/mahjongRental');
INSERT INTO BGMAGIT.BGM_AGIT_MAIN_MENU (BGM_AGIT_SUB_MENU_ID, BGM_AGIT_AREA_ID, BGM_AGIT_MENU_NAME, BGM_AGIT_MENU_LINK) VALUES (2, null, '마작강의 예약', 'https://open.kakao.com/o/snQNUPre');
INSERT INTO BGMAGIT.BGM_AGIT_MAIN_MENU (BGM_AGIT_SUB_MENU_ID, BGM_AGIT_AREA_ID, BGM_AGIT_MENU_NAME, BGM_AGIT_MENU_LINK) VALUES (3, null, '음료', '/detail/drink');
INSERT INTO BGMAGIT.BGM_AGIT_MAIN_MENU (BGM_AGIT_SUB_MENU_ID, BGM_AGIT_AREA_ID, BGM_AGIT_MENU_NAME, BGM_AGIT_MENU_LINK) VALUES (3, null, '식사', '/detail/food');
INSERT INTO BGMAGIT.BGM_AGIT_MAIN_MENU (BGM_AGIT_SUB_MENU_ID, BGM_AGIT_AREA_ID, BGM_AGIT_MENU_NAME, BGM_AGIT_MENU_LINK) VALUES (4, null, '공지사항', '/notice');
INSERT INTO BGMAGIT.BGM_AGIT_MAIN_MENU (BGM_AGIT_SUB_MENU_ID, BGM_AGIT_AREA_ID, BGM_AGIT_MENU_NAME, BGM_AGIT_MENU_LINK) VALUES (4, null, '오픈채팅방', 'https://open.kakao.com/o/ghsjz31g');
INSERT INTO BGMAGIT.BGM_AGIT_MAIN_MENU (BGM_AGIT_SUB_MENU_ID, BGM_AGIT_AREA_ID, BGM_AGIT_MENU_NAME, BGM_AGIT_MENU_LINK) VALUES (null, null, '마이페이지', null);
INSERT INTO BGMAGIT.BGM_AGIT_MAIN_MENU (BGM_AGIT_SUB_MENU_ID, BGM_AGIT_AREA_ID, BGM_AGIT_MENU_NAME, BGM_AGIT_MENU_LINK) VALUES (14, null, '예약내역', '/reservationList');
INSERT INTO BGMAGIT.BGM_AGIT_MAIN_MENU (BGM_AGIT_SUB_MENU_ID, BGM_AGIT_AREA_ID, BGM_AGIT_MENU_NAME, BGM_AGIT_MENU_LINK) VALUES (14, null, '권한 관리', '/role');
INSERT INTO BGMAGIT.BGM_AGIT_MAIN_MENU (BGM_AGIT_SUB_MENU_ID, BGM_AGIT_AREA_ID, BGM_AGIT_MENU_NAME, BGM_AGIT_MENU_LINK) VALUES (4, null, 'KML 공탁 기록사이트', 'https://kml.or.kr/stat52');




INSERT INTO BGMAGIT.BGM_AGIT_ROLE ( BGM_AGIT_ROLE_NAME) VALUES ( 'ADMIN');
INSERT INTO BGMAGIT.BGM_AGIT_ROLE ( BGM_AGIT_ROLE_NAME) VALUES ( 'USER');
INSERT INTO BGMAGIT.BGM_AGIT_ROLE ( BGM_AGIT_ROLE_NAME) VALUES ( 'ANONYMOUS');


INSERT INTO BGM_AGIT_ROLE_HIERARCHY( BGM_AGIT_ROLE_NAME, BGM_AGIT_PARENT_ROLE_ID)
VALUES ('ADMIN', NULL);

INSERT INTO BGM_AGIT_ROLE_HIERARCHY( BGM_AGIT_ROLE_NAME, BGM_AGIT_PARENT_ROLE_ID)
VALUES ('USER', 1);

INSERT INTO BGM_AGIT_ROLE_HIERARCHY( BGM_AGIT_ROLE_NAME, BGM_AGIT_PARENT_ROLE_ID)
VALUES ('ANONYMOUS', 2);


INSERT INTO BGMAGIT.BGM_AGIT_IMAGE (BGM_AGIT_MAIN_MENU_ID, BGM_AGIT_IMAGE_LABEL, BGM_AGIT_MENU_LINK, BGM_AGIT_IMAGE_GROUPS, BGM_AGIT_IMAGE_CATEGORY, BGM_AGIT_IMAGE_URL) VALUES (1, '메인1', null, null, 'MAIN', 'https://bgm-agit-files.s3.ap-northeast-2.amazonaws.com/images/main1.jpeg');
INSERT INTO BGMAGIT.BGM_AGIT_IMAGE (BGM_AGIT_MAIN_MENU_ID, BGM_AGIT_IMAGE_LABEL, BGM_AGIT_MENU_LINK, BGM_AGIT_IMAGE_GROUPS, BGM_AGIT_IMAGE_CATEGORY, BGM_AGIT_IMAGE_URL) VALUES (1, '메인2', null, null, 'MAIN', 'https://bgm-agit-files.s3.ap-northeast-2.amazonaws.com/images/main2.jpg');
INSERT INTO BGMAGIT.BGM_AGIT_IMAGE (BGM_AGIT_MAIN_MENU_ID, BGM_AGIT_IMAGE_LABEL, BGM_AGIT_MENU_LINK, BGM_AGIT_IMAGE_GROUPS, BGM_AGIT_IMAGE_CATEGORY, BGM_AGIT_IMAGE_URL) VALUES (1, '메인3', null, null, 'MAIN', 'https://bgm-agit-files.s3.ap-northeast-2.amazonaws.com/images/main3.png');
INSERT INTO BGMAGIT.BGM_AGIT_IMAGE (BGM_AGIT_MAIN_MENU_ID, BGM_AGIT_IMAGE_LABEL, BGM_AGIT_MENU_LINK, BGM_AGIT_IMAGE_GROUPS, BGM_AGIT_IMAGE_CATEGORY, BGM_AGIT_IMAGE_URL) VALUES (1, '메인4', null, null, 'MAIN', 'https://bgm-agit-files.s3.ap-northeast-2.amazonaws.com/images/main4.png');
INSERT INTO BGMAGIT.BGM_AGIT_IMAGE (BGM_AGIT_MAIN_MENU_ID, BGM_AGIT_IMAGE_LABEL, BGM_AGIT_MENU_LINK, BGM_AGIT_IMAGE_GROUPS, BGM_AGIT_IMAGE_CATEGORY, BGM_AGIT_IMAGE_URL) VALUES (2, '게임1', '/detail/game', null, 'MURDER', 'https://bgm-agit-files.s3.ap-northeast-2.amazonaws.com/images/game1.jpeg');
INSERT INTO BGMAGIT.BGM_AGIT_IMAGE (BGM_AGIT_MAIN_MENU_ID, BGM_AGIT_IMAGE_LABEL, BGM_AGIT_MENU_LINK, BGM_AGIT_IMAGE_GROUPS, BGM_AGIT_IMAGE_CATEGORY, BGM_AGIT_IMAGE_URL) VALUES (2, '게임2', '/detail/game', null, 'MURDER', 'https://bgm-agit-files.s3.ap-northeast-2.amazonaws.com/images/game2.jpeg');
INSERT INTO BGMAGIT.BGM_AGIT_IMAGE (BGM_AGIT_MAIN_MENU_ID, BGM_AGIT_IMAGE_LABEL, BGM_AGIT_MENU_LINK, BGM_AGIT_IMAGE_GROUPS, BGM_AGIT_IMAGE_CATEGORY, BGM_AGIT_IMAGE_URL) VALUES (2, '게임3', '/detail/game', null, 'MURDER', 'https://bgm-agit-files.s3.ap-northeast-2.amazonaws.com/images/game3.jpeg');
INSERT INTO BGMAGIT.BGM_AGIT_IMAGE (BGM_AGIT_MAIN_MENU_ID, BGM_AGIT_IMAGE_LABEL, BGM_AGIT_MENU_LINK, BGM_AGIT_IMAGE_GROUPS, BGM_AGIT_IMAGE_CATEGORY, BGM_AGIT_IMAGE_URL) VALUES (2, '게임4', '/detail/game', null, 'PARTY', 'https://bgm-agit-files.s3.ap-northeast-2.amazonaws.com/images/game4.jpeg');
INSERT INTO BGMAGIT.BGM_AGIT_IMAGE (BGM_AGIT_MAIN_MENU_ID, BGM_AGIT_IMAGE_LABEL, BGM_AGIT_MENU_LINK, BGM_AGIT_IMAGE_GROUPS, BGM_AGIT_IMAGE_CATEGORY, BGM_AGIT_IMAGE_URL) VALUES (2, '게임5', '/detail/game', null, 'PARTY', 'https://bgm-agit-files.s3.ap-northeast-2.amazonaws.com/images/game5.jpeg');
INSERT INTO BGMAGIT.BGM_AGIT_IMAGE (BGM_AGIT_MAIN_MENU_ID, BGM_AGIT_IMAGE_LABEL, BGM_AGIT_MENU_LINK, BGM_AGIT_IMAGE_GROUPS, BGM_AGIT_IMAGE_CATEGORY, BGM_AGIT_IMAGE_URL) VALUES (2, '게임6', '/detail/game', null, 'STRATEGY', 'https://bgm-agit-files.s3.ap-northeast-2.amazonaws.com/images/game6.jpeg');
INSERT INTO BGMAGIT.BGM_AGIT_IMAGE (BGM_AGIT_MAIN_MENU_ID, BGM_AGIT_IMAGE_LABEL, BGM_AGIT_MENU_LINK, BGM_AGIT_IMAGE_GROUPS, BGM_AGIT_IMAGE_CATEGORY, BGM_AGIT_IMAGE_URL) VALUES (2, '게임7', '/detail/game', null, 'STRATEGY', 'https://bgm-agit-files.s3.ap-northeast-2.amazonaws.com/images/game7.jpeg');
INSERT INTO BGMAGIT.BGM_AGIT_IMAGE (BGM_AGIT_MAIN_MENU_ID, BGM_AGIT_IMAGE_LABEL, BGM_AGIT_MENU_LINK, BGM_AGIT_IMAGE_GROUPS, BGM_AGIT_IMAGE_CATEGORY, BGM_AGIT_IMAGE_URL) VALUES (2, '게임8', '/detail/game', null, 'STRATEGY', 'https://bgm-agit-files.s3.ap-northeast-2.amazonaws.com/images/game8.jpeg');
INSERT INTO BGMAGIT.BGM_AGIT_IMAGE (BGM_AGIT_MAIN_MENU_ID, BGM_AGIT_IMAGE_LABEL, BGM_AGIT_MENU_LINK, BGM_AGIT_IMAGE_GROUPS, BGM_AGIT_IMAGE_CATEGORY, BGM_AGIT_IMAGE_URL) VALUES (3, 'B Room', '/detail/room', '4명', 'ROOM', 'https://bgm-agit-files.s3.ap-northeast-2.amazonaws.com/images/room1.jpg');
INSERT INTO BGMAGIT.BGM_AGIT_IMAGE (BGM_AGIT_MAIN_MENU_ID, BGM_AGIT_IMAGE_LABEL, BGM_AGIT_MENU_LINK, BGM_AGIT_IMAGE_GROUPS, BGM_AGIT_IMAGE_CATEGORY, BGM_AGIT_IMAGE_URL) VALUES (3, 'C Room', '/detail/room', '2~6(어린이 6명까지)', 'ROOM', 'https://bgm-agit-files.s3.ap-northeast-2.amazonaws.com/images/room2.jpg');
INSERT INTO BGMAGIT.BGM_AGIT_IMAGE (BGM_AGIT_MAIN_MENU_ID, BGM_AGIT_IMAGE_LABEL, BGM_AGIT_MENU_LINK, BGM_AGIT_IMAGE_GROUPS, BGM_AGIT_IMAGE_CATEGORY, BGM_AGIT_IMAGE_URL) VALUES (3, 'D Room', '/detail/room', '2~6(어린이 6명까지)', 'ROOM', 'https://bgm-agit-files.s3.ap-northeast-2.amazonaws.com/images/room3.jpg');
INSERT INTO BGMAGIT.BGM_AGIT_IMAGE (BGM_AGIT_MAIN_MENU_ID, BGM_AGIT_IMAGE_LABEL, BGM_AGIT_MENU_LINK, BGM_AGIT_IMAGE_GROUPS, BGM_AGIT_IMAGE_CATEGORY, BGM_AGIT_IMAGE_URL) VALUES (3, 'E Room', '/detail/room', '2~6(어린이 6명까지)', 'ROOM', 'https://bgm-agit-files.s3.ap-northeast-2.amazonaws.com/images/room4.jpg');
INSERT INTO BGMAGIT.BGM_AGIT_IMAGE (BGM_AGIT_MAIN_MENU_ID, BGM_AGIT_IMAGE_LABEL, BGM_AGIT_MENU_LINK, BGM_AGIT_IMAGE_GROUPS, BGM_AGIT_IMAGE_CATEGORY, BGM_AGIT_IMAGE_URL) VALUES (3, 'F Room', '/detail/room', '4~5명', 'ROOM', 'https://bgm-agit-files.s3.ap-northeast-2.amazonaws.com/images/room5.jpg');
INSERT INTO BGMAGIT.BGM_AGIT_IMAGE (BGM_AGIT_MAIN_MENU_ID, BGM_AGIT_IMAGE_LABEL, BGM_AGIT_MENU_LINK, BGM_AGIT_IMAGE_GROUPS, BGM_AGIT_IMAGE_CATEGORY, BGM_AGIT_IMAGE_URL) VALUES (3, 'G Room', '/detail/room', '6~12명', 'ROOM', 'https://bgm-agit-files.s3.ap-northeast-2.amazonaws.com/images/room6.jpg');
INSERT INTO BGMAGIT.BGM_AGIT_IMAGE (BGM_AGIT_MAIN_MENU_ID, BGM_AGIT_IMAGE_LABEL, BGM_AGIT_MENU_LINK, BGM_AGIT_IMAGE_GROUPS, BGM_AGIT_IMAGE_CATEGORY, BGM_AGIT_IMAGE_URL) VALUES (3, 'M Room', '/detail/room', '최대 24명', 'ROOM', 'https://bgm-agit-files.s3.ap-northeast-2.amazonaws.com/images/room6.jpg');
INSERT INTO BGMAGIT.BGM_AGIT_IMAGE (BGM_AGIT_MAIN_MENU_ID, BGM_AGIT_IMAGE_LABEL, BGM_AGIT_MENU_LINK, BGM_AGIT_IMAGE_GROUPS, BGM_AGIT_IMAGE_CATEGORY, BGM_AGIT_IMAGE_URL) VALUES (4, '아이스 아메리카노', '/detail/drink', null, 'DRINK', 'https://bgm-agit-files.s3.ap-northeast-2.amazonaws.com/images/food1.jpeg');
INSERT INTO BGMAGIT.BGM_AGIT_IMAGE (BGM_AGIT_MAIN_MENU_ID, BGM_AGIT_IMAGE_LABEL, BGM_AGIT_MENU_LINK, BGM_AGIT_IMAGE_GROUPS, BGM_AGIT_IMAGE_CATEGORY, BGM_AGIT_IMAGE_URL) VALUES (4, '카페라떼', '/detail/drink', null, 'DRINK', 'https://bgm-agit-files.s3.ap-northeast-2.amazonaws.com/images/food2.jpeg');
INSERT INTO BGMAGIT.BGM_AGIT_IMAGE (BGM_AGIT_MAIN_MENU_ID, BGM_AGIT_IMAGE_LABEL, BGM_AGIT_MENU_LINK, BGM_AGIT_IMAGE_GROUPS, BGM_AGIT_IMAGE_CATEGORY, BGM_AGIT_IMAGE_URL) VALUES (4, '김치볶음밥', '/detail/food', null, 'FOOD', 'https://bgm-agit-files.s3.ap-northeast-2.amazonaws.com/images/food4.jpg');
INSERT INTO BGMAGIT.BGM_AGIT_IMAGE (BGM_AGIT_MAIN_MENU_ID, BGM_AGIT_IMAGE_LABEL, BGM_AGIT_MENU_LINK, BGM_AGIT_IMAGE_GROUPS, BGM_AGIT_IMAGE_CATEGORY, BGM_AGIT_IMAGE_URL) VALUES (4, '라면', '/detail/food', null, 'FOOD', 'https://bgm-agit-files.s3.ap-northeast-2.amazonaws.com/images/food5.jpeg');
INSERT INTO BGMAGIT.BGM_AGIT_IMAGE (BGM_AGIT_MAIN_MENU_ID, BGM_AGIT_IMAGE_LABEL, BGM_AGIT_MENU_LINK, BGM_AGIT_IMAGE_GROUPS, BGM_AGIT_IMAGE_CATEGORY, BGM_AGIT_IMAGE_URL) VALUES (4, '감자튀김', '/detail/food', null, 'FOOD', 'https://bgm-agit-files.s3.ap-northeast-2.amazonaws.com/images/food6.png');
INSERT INTO BGMAGIT.BGM_AGIT_IMAGE (BGM_AGIT_MAIN_MENU_ID, BGM_AGIT_IMAGE_LABEL, BGM_AGIT_MENU_LINK, BGM_AGIT_IMAGE_GROUPS, BGM_AGIT_IMAGE_CATEGORY, BGM_AGIT_IMAGE_URL) VALUES (4, '짜파게티', '/detail/food', null, 'FOOD', 'https://bgm-agit-files.s3.ap-northeast-2.amazonaws.com/images/food7.jpeg');
INSERT INTO BGMAGIT.BGM_AGIT_IMAGE (BGM_AGIT_MAIN_MENU_ID, BGM_AGIT_IMAGE_LABEL, BGM_AGIT_MENU_LINK, BGM_AGIT_IMAGE_GROUPS, BGM_AGIT_IMAGE_CATEGORY, BGM_AGIT_IMAGE_URL) VALUES (4, '스파게티', '/detail/food', null, 'FOOD', 'https://bgm-agit-files.s3.ap-northeast-2.amazonaws.com/images/food8.jpg');
INSERT INTO BGMAGIT.BGM_AGIT_IMAGE (BGM_AGIT_MAIN_MENU_ID, BGM_AGIT_IMAGE_LABEL, BGM_AGIT_MENU_LINK, BGM_AGIT_IMAGE_GROUPS, BGM_AGIT_IMAGE_CATEGORY, BGM_AGIT_IMAGE_URL) VALUES (3, 'AMOS-Rex3 - 1', '/detail/mahjongRental', '4명', 'ROOM', 'https://bgm-agit-files.s3.ap-northeast-2.amazonaws.com/images/Rex1.jpg');
INSERT INTO BGMAGIT.BGM_AGIT_IMAGE (BGM_AGIT_MAIN_MENU_ID, BGM_AGIT_IMAGE_LABEL, BGM_AGIT_MENU_LINK, BGM_AGIT_IMAGE_GROUPS, BGM_AGIT_IMAGE_CATEGORY, BGM_AGIT_IMAGE_URL) VALUES (3, 'AMOS-Rex3 - 2', '/detail/mahjongRental', '4명', 'MAHJONG', 'https://bgm-agit-files.s3.ap-northeast-2.amazonaws.com/images/Rex2.jpg');
INSERT INTO BGMAGIT.BGM_AGIT_IMAGE (BGM_AGIT_MAIN_MENU_ID, BGM_AGIT_IMAGE_LABEL, BGM_AGIT_MENU_LINK, BGM_AGIT_IMAGE_GROUPS, BGM_AGIT_IMAGE_CATEGORY, BGM_AGIT_IMAGE_URL) VALUES (3, 'AMOS-JP2 - 1', '/detail/mahjongRental', '4명', 'MAHJONG', 'https://bgm-agit-files.s3.ap-northeast-2.amazonaws.com/images/jpx1.jpg');
INSERT INTO BGMAGIT.BGM_AGIT_IMAGE (BGM_AGIT_MAIN_MENU_ID, BGM_AGIT_IMAGE_LABEL, BGM_AGIT_MENU_LINK, BGM_AGIT_IMAGE_GROUPS, BGM_AGIT_IMAGE_CATEGORY, BGM_AGIT_IMAGE_URL) VALUES (3, 'AMOS-JP2 - 2', '/detail/mahjongRental', '4명', 'MAHJONG', 'https://bgm-agit-files.s3.ap-northeast-2.amazonaws.com/images/jpx2.jpg');

INSERT INTO BGMAGIT.BGM_AGIT_URL_RESOURCES (BGM_AGIT_URL_RESOURCES_PATH, BGM_AGIT_URL_HTTP_METHOD) VALUES ('/bgm-agit/notice', 'POST');
INSERT INTO BGMAGIT.BGM_AGIT_URL_RESOURCES (BGM_AGIT_URL_RESOURCES_PATH, BGM_AGIT_URL_HTTP_METHOD) VALUES ('/bgm-agit/notice', 'PUT');
INSERT INTO BGMAGIT.BGM_AGIT_URL_RESOURCES (BGM_AGIT_URL_RESOURCES_PATH, BGM_AGIT_URL_HTTP_METHOD) VALUES ('/bgm-agit/notice/{id}', 'DELETE');
INSERT INTO BGMAGIT.BGM_AGIT_URL_RESOURCES (BGM_AGIT_URL_RESOURCES_PATH, BGM_AGIT_URL_HTTP_METHOD) VALUES ('/bgm-agit/reservation', 'POST');
INSERT INTO BGMAGIT.BGM_AGIT_URL_RESOURCES (BGM_AGIT_URL_RESOURCES_PATH, BGM_AGIT_URL_HTTP_METHOD) VALUES ('/bgm-agit/reservation', 'PUT');
INSERT INTO BGMAGIT.BGM_AGIT_URL_RESOURCES (BGM_AGIT_URL_RESOURCES_PATH, BGM_AGIT_URL_HTTP_METHOD) VALUES ('/bgm-agit/reservation', 'DELETE');
INSERT INTO BGMAGIT.BGM_AGIT_URL_RESOURCES (BGM_AGIT_URL_RESOURCES_PATH, BGM_AGIT_URL_HTTP_METHOD) VALUES ('/bgm-agit/reservation/detail', 'GET');
INSERT INTO BGMAGIT.BGM_AGIT_URL_RESOURCES (BGM_AGIT_URL_RESOURCES_PATH, BGM_AGIT_URL_HTTP_METHOD) VALUES ('/bgm-agit/reservation/admin', 'PUT');
INSERT INTO BGMAGIT.BGM_AGIT_URL_RESOURCES (BGM_AGIT_URL_RESOURCES_PATH, BGM_AGIT_URL_HTTP_METHOD) VALUES ('/bgm-agit/role', 'GET');
INSERT INTO BGMAGIT.BGM_AGIT_URL_RESOURCES (BGM_AGIT_URL_RESOURCES_PATH, BGM_AGIT_URL_HTTP_METHOD) VALUES ('/bgm-agit/role', 'PUT');
INSERT INTO BGMAGIT.BGM_AGIT_URL_RESOURCES (BGM_AGIT_URL_RESOURCES_PATH, BGM_AGIT_URL_HTTP_METHOD) VALUES ('/bgm-agit/image', 'POST');
INSERT INTO BGMAGIT.BGM_AGIT_URL_RESOURCES (BGM_AGIT_URL_RESOURCES_PATH, BGM_AGIT_URL_HTTP_METHOD) VALUES ('/bgm-agit/image', 'PUT');
INSERT INTO BGMAGIT.BGM_AGIT_URL_RESOURCES (BGM_AGIT_URL_RESOURCES_PATH, BGM_AGIT_URL_HTTP_METHOD) VALUES ('/bgm-agit/image/{imageId}', 'DELETE');



INSERT INTO BGMAGIT.BGM_AGIT_URL_RESOURCES_ROLE (BGM_AGIT_ROLE_ID, BGM_AGIT_URL_RESOURCES_ID) VALUES (1, 1);
INSERT INTO BGMAGIT.BGM_AGIT_URL_RESOURCES_ROLE (BGM_AGIT_ROLE_ID, BGM_AGIT_URL_RESOURCES_ID) VALUES (1, 2);
INSERT INTO BGMAGIT.BGM_AGIT_URL_RESOURCES_ROLE (BGM_AGIT_ROLE_ID, BGM_AGIT_URL_RESOURCES_ID) VALUES (1, 3);
INSERT INTO BGMAGIT.BGM_AGIT_URL_RESOURCES_ROLE (BGM_AGIT_ROLE_ID, BGM_AGIT_URL_RESOURCES_ID) VALUES (2, 4);
INSERT INTO BGMAGIT.BGM_AGIT_URL_RESOURCES_ROLE (BGM_AGIT_ROLE_ID, BGM_AGIT_URL_RESOURCES_ID) VALUES (2, 5);
INSERT INTO BGMAGIT.BGM_AGIT_URL_RESOURCES_ROLE (BGM_AGIT_ROLE_ID, BGM_AGIT_URL_RESOURCES_ID) VALUES (2, 6);
INSERT INTO BGMAGIT.BGM_AGIT_URL_RESOURCES_ROLE (BGM_AGIT_ROLE_ID, BGM_AGIT_URL_RESOURCES_ID) VALUES (2, 7);
INSERT INTO BGMAGIT.BGM_AGIT_URL_RESOURCES_ROLE (BGM_AGIT_ROLE_ID, BGM_AGIT_URL_RESOURCES_ID) VALUES (1, 8);
INSERT INTO BGMAGIT.BGM_AGIT_URL_RESOURCES_ROLE (BGM_AGIT_ROLE_ID, BGM_AGIT_URL_RESOURCES_ID) VALUES (1, 9);
INSERT INTO BGMAGIT.BGM_AGIT_URL_RESOURCES_ROLE (BGM_AGIT_ROLE_ID, BGM_AGIT_URL_RESOURCES_ID) VALUES (1, 10);
INSERT INTO BGMAGIT.BGM_AGIT_URL_RESOURCES_ROLE (BGM_AGIT_ROLE_ID, BGM_AGIT_URL_RESOURCES_ID) VALUES (1, 11);
INSERT INTO BGMAGIT.BGM_AGIT_URL_RESOURCES_ROLE (BGM_AGIT_ROLE_ID, BGM_AGIT_URL_RESOURCES_ID) VALUES (1, 12);
INSERT INTO BGMAGIT.BGM_AGIT_URL_RESOURCES_ROLE (BGM_AGIT_ROLE_ID, BGM_AGIT_URL_RESOURCES_ID) VALUES (1, 13);


INSERT INTO BGMAGIT.BGM_AGIT_MEMBER (BGM_AGIT_MEMBER_EMAIL, BGM_AGIT_MEMBER_NAME, BGM_AGIT_MEMBER_PASSWORD, BGM_AGIT_SOCIAL_TYPE, BGM_AGIT_MEMBER_SOCIAL_ID) VALUES ('mhh_j@naver.com', '지수', null, 'KAKAO', '4373299913');
INSERT INTO BGMAGIT.BGM_AGIT_MEMBER (BGM_AGIT_MEMBER_EMAIL, BGM_AGIT_MEMBER_NAME, BGM_AGIT_MEMBER_PASSWORD, BGM_AGIT_SOCIAL_TYPE, BGM_AGIT_MEMBER_SOCIAL_ID) VALUES ('kadia22@daum.net', '배성환', null, 'KAKAO', '4373145740');
INSERT INTO BGMAGIT.BGM_AGIT_MEMBER (BGM_AGIT_MEMBER_EMAIL, BGM_AGIT_MEMBER_NAME, BGM_AGIT_MEMBER_PASSWORD, BGM_AGIT_SOCIAL_TYPE, BGM_AGIT_MEMBER_SOCIAL_ID) VALUES ('atanil@naver.com', '밤', null, 'KAKAO', '4373680564');

INSERT INTO BGMAGIT.BGM_AGIT_MEMBER_ROLE (BGM_AGIT_MEMBER_ID, BGM_AGIT_ROLE_ID) VALUES (1, 1);
INSERT INTO BGMAGIT.BGM_AGIT_MEMBER_ROLE (BGM_AGIT_MEMBER_ID, BGM_AGIT_ROLE_ID) VALUES (2, 1);
INSERT INTO BGMAGIT.BGM_AGIT_MEMBER_ROLE (BGM_AGIT_MEMBER_ID, BGM_AGIT_ROLE_ID) VALUES (3, 1);




INSERT INTO BGM_AGIT_NOTICE (BGM_AGIT_NOTICE_TITLE, BGM_AGIT_NOTICE_CONT, BGM_AGIT_NOTICE_TYPE)
VALUES
    ('테스트 제목 1', '테스트 내용 1', 'EVENT'),
    ('테스트 제목 2', '테스트 내용 2', 'NOTICE'),
    ('테스트 제목 3', '테스트 내용 3', 'EVENT'),
    ('테스트 제목 4', '테스트 내용 4', 'NOTICE'),
    ('테스트 제목 5', '테스트 내용 5', 'EVENT'),
    ('테스트 제목 6', '테스트 내용 6', 'NOTICE'),
    ('테스트 제목 7', '테스트 내용 7', 'EVENT'),
    ('테스트 제목 8', '테스트 내용 8', 'NOTICE'),
    ('테스트 제목 9', '테스트 내용 9', 'EVENT'),
    ('테스트 제목 10', '테스트 내용 10', 'NOTICE'),
    ('테스트 제목 11', '테스트 내용 11', 'EVENT'),
    ('테스트 제목 12', '테스트 내용 12', 'NOTICE'),
    ('테스트 제목 13', '테스트 내용 13', 'EVENT'),
    ('테스트 제목 14', '테스트 내용 14', 'NOTICE'),
    ('테스트 제목 15', '테스트 내용 15', 'EVENT'),
    ('테스트 제목 16', '테스트 내용 16', 'NOTICE'),
    ('테스트 제목 17', '테스트 내용 17', 'EVENT'),
    ('테스트 제목 18', '테스트 내용 18', 'NOTICE'),
    ('테스트 제목 19', '테스트 내용 19', 'EVENT'),
    ('테스트 제목 20', '테스트 내용 20', 'NOTICE');


-- 공개 메뉴 (ANONYMOUS)
INSERT INTO BGM_AGIT_MENU_ROLE (BGM_AGIT_MAIN_MENU_ID, BGM_AGIT_ROLE_ID, REGIST_DATE, MODIFY_DATE)
VALUES
    (1, 3, CURRENT_TIMESTAMP, CURRENT_TIMESTAMP),
    (2, 3, CURRENT_TIMESTAMP, CURRENT_TIMESTAMP),
    (3, 3, CURRENT_TIMESTAMP, CURRENT_TIMESTAMP),
    (4, 3, CURRENT_TIMESTAMP, CURRENT_TIMESTAMP),
    (5, 3, CURRENT_TIMESTAMP, CURRENT_TIMESTAMP),
    (6, 3, CURRENT_TIMESTAMP, CURRENT_TIMESTAMP),
    (7, 3, CURRENT_TIMESTAMP, CURRENT_TIMESTAMP),
    (8, 3, CURRENT_TIMESTAMP, CURRENT_TIMESTAMP),
    (9, 3, CURRENT_TIMESTAMP, CURRENT_TIMESTAMP),
    (10, 3, CURRENT_TIMESTAMP, CURRENT_TIMESTAMP),
    (11, 3, CURRENT_TIMESTAMP, CURRENT_TIMESTAMP),
    (12, 3, CURRENT_TIMESTAMP, CURRENT_TIMESTAMP),
    (13, 3, CURRENT_TIMESTAMP, CURRENT_TIMESTAMP),
    (14, 3, CURRENT_TIMESTAMP, CURRENT_TIMESTAMP),
    (17, 3, CURRENT_TIMESTAMP, CURRENT_TIMESTAMP);

-- 예약 내역 (USER 이상)
INSERT INTO BGM_AGIT_MENU_ROLE (BGM_AGIT_MAIN_MENU_ID, BGM_AGIT_ROLE_ID, REGIST_DATE, MODIFY_DATE)
VALUES (15, 2, CURRENT_TIMESTAMP, CURRENT_TIMESTAMP);

-- 권한 관리 (ADMIN만)
INSERT INTO BGM_AGIT_MENU_ROLE (BGM_AGIT_MAIN_MENU_ID, BGM_AGIT_ROLE_ID, REGIST_DATE, MODIFY_DATE)
VALUES (16, 1, CURRENT_TIMESTAMP, CURRENT_TIMESTAMP);

commit;